id,first_name,last_name,email,gender,location,sign_up_date,subscription_plan,device_type
1,Dominique,Leggs,dleggs0@businessweek.com,Male,Washington,2022-11-28 11:24:56,free,Android
2,Corrie,D'Ambrosi,cdambrosi1@digg.com,Male,Kansas,2022-05-17 18:09:24,diamond,IOS
3,Morna,Hillhouse,mhillhouse2@sun.com,Female,Iowa,2022-11-22 10:25:34,diamond,MacOS
4,Angelia,Tunder,atunder3@woothemes.com,Female,Washington,2022-09-18 10:09:06,silver,Web
5,Davis,Kelby,dkelby4@sphinn.com,Male,Tennessee,2022-10-23 06:13:41,silver,Android
6,Annabel,Marling,amarling5@addthis.com,Female,Alabama,2023-02-15 16:34:05,diamond,IOS
7,Christyna,Spurman,cspurman6@independent.co.uk,Female,Kansas,2022-08-01 13:41:47,silver,IOS
8,Gracia,Lavin,glavin7@vk.com,Female,Connecticut,2022-07-12 07:34:15,gold,Android
9,Florenza,Overill,foverill8@tripod.com,Female,Ohio,2022-11-26 20:43:26,silver,Windows
10,Lynne,Bywaters,lbywaters9@google.com.au,Female,West Virginia,2022-04-30 04:24:38,free,MacOS
11,Udale,Pero,uperoa@redcross.org,Male,Florida,2022-07-04 21:14:35,gold,IOS
12,Auberta,Kurth,akurthb@walmart.com,Female,Iowa,2022-06-20 01:10:01,gold,Windows
13,Maynord,Forsdicke,mforsdickec@prnewswire.com,Male,California,2022-09-04 20:25:16,gold,MacOS
14,Frederich,Klimkin,fklimkind@google.es,Male,Ohio,2022-09-24 21:02:15,gold,Web
15,Niko,Wollacott,nwollacotte@npr.org,Male,Georgia,2022-06-15 19:03:26,free,Windows
16,Bjorn,Primarolo,bprimarolof@google.co.jp,Male,Alaska,2022-08-08 04:27:57,diamond,MacOS
17,Opalina,Destouche,odestoucheg@nifty.com,Female,Illinois,2022-09-24 16:54:03,gold,Web
18,Kordula,Oliphand,koliphandh@bizjournals.com,Female,District of Columbia,2022-05-04 18:14:26,diamond,MacOS
19,Perrine,Leeves,pleevesi@wunderground.com,Female,Utah,2022-12-14 06:01:52,silver,IOS
20,Rudd,Hallatt,rhallattj@blogspot.com,Male,Texas,2022-11-02 17:23:02,free,Windows
21,Bernie,Yegorev,byegorevk@blinklist.com,Male,Washington,2022-11-27 18:06:32,diamond,Android
22,Sidonnie,MacCumeskey,smaccumeskeyl@sina.com.cn,Female,Texas,2022-12-24 11:50:22,gold,Android
23,Dorothy,Tearle,dtearlem@squarespace.com,Female,Missouri,2022-04-12 01:32:19,free,IOS
24,Andi,Kennaird,akennairdn@amazon.co.jp,Female,Missouri,2022-05-29 10:38:04,silver,Web
25,Say,Tapson,stapsono@goodreads.com,Male,Kentucky,2022-07-06 06:36:14,silver,IOS
26,Kerianne,Fitzsimon,kfitzsimonp@myspace.com,Female,Michigan,2022-11-13 20:02:40,silver,IOS
27,Annamaria,McKeown,amckeownq@marketwatch.com,Female,Virginia,2023-02-28 13:19:32,free,Web
28,Niko,Bartalini,nbartalinir@4shared.com,Genderqueer,Florida,2022-03-14 15:42:48,free,Windows
29,Stanton,Coon,scoons@vistaprint.com,Male,Minnesota,2022-12-20 14:15:53,gold,Windows
30,Alvie,Hallgath,ahallgatht@cnbc.com,Male,Wisconsin,2022-07-18 19:45:36,gold,Android
31,Collette,Dummett,cdummettu@ihg.com,Female,Florida,2022-04-04 08:18:54,diamond,Windows
32,Lulita,Tozer,ltozerv@columbia.edu,Female,Pennsylvania,2022-04-30 00:14:11,free,IOS
33,Orion,Flear,oflearw@imageshack.us,Male,Florida,2023-02-13 02:38:36,free,Windows
34,Eve,Gowry,egowryx@ucla.edu,Agender,Indiana,2022-03-14 07:07:27,silver,Android
35,Sullivan,Peacop,speacopy@so-net.ne.jp,Male,Texas,2022-10-26 11:08:52,gold,MacOS
36,Shantee,Aggott,saggottz@xinhuanet.com,Female,Idaho,2023-01-22 14:38:11,diamond,Windows
37,Zechariah,Massimi,zmassimi10@independent.co.uk,Male,New York,2023-02-11 21:29:14,diamond,Windows
38,Niles,Nowland,nnowland11@java.com,Male,Kansas,2022-09-05 19:54:19,free,Android
39,Johann,Makepeace,jmakepeace12@cdbaby.com,Male,California,2022-06-09 21:47:36,diamond,IOS
40,Gill,Presland,gpresland13@mashable.com,Male,Iowa,2023-02-23 07:53:56,silver,MacOS
41,Irina,Condon,icondon14@nymag.com,Female,Nebraska,2022-07-26 20:26:38,silver,Web
42,Hazel,Cousans,hcousans15@smh.com.au,Female,New York,2022-03-23 21:51:35,free,MacOS
43,Ardyth,Colombier,acolombier16@rediff.com,Female,Florida,2022-08-24 05:22:31,free,Web
44,Alfredo,Pariso,apariso17@bizjournals.com,Bigender,District of Columbia,2022-10-06 11:25:59,diamond,Web
45,Claudian,Elsegood,celsegood18@guardian.co.uk,Male,Pennsylvania,2023-02-21 14:20:24,diamond,MacOS
46,Latrina,Snelgar,lsnelgar19@stanford.edu,Female,Texas,2022-11-29 02:09:19,gold,IOS
47,Rodie,Bowerman,rbowerman1a@microsoft.com,Female,Idaho,2023-01-13 01:53:11,silver,Windows
48,Bettye,Sulman,bsulman1b@free.fr,Female,Oregon,2022-11-16 14:34:14,gold,Web
49,Charlean,Penke,cpenke1c@wufoo.com,Female,District of Columbia,2022-11-20 04:43:50,gold,MacOS
50,Aloysius,McCaughey,amccaughey1d@jiathis.com,Male,Alabama,2022-08-06 11:26:33,silver,Windows
51,Dorey,Wincott,dwincott1e@surveymonkey.com,Female,Missouri,2022-07-14 01:33:41,diamond,Android
52,Heinrick,Lodford,hlodford1f@list-manage.com,Non-binary,New York,2022-06-17 21:00:20,gold,Android
53,Tiphani,Padginton,tpadginton1g@sohu.com,Female,District of Columbia,2022-12-24 11:34:36,free,IOS
54,Corbin,Darker,cdarker1h@sourceforge.net,Male,Ohio,2022-10-14 21:39:02,diamond,IOS
55,Gaultiero,McPolin,gmcpolin1i@taobao.com,Male,California,2022-10-20 05:38:57,gold,Web
56,Peder,Grunder,pgrunder1j@blogger.com,Male,Florida,2022-07-03 10:03:38,free,Web
57,Dominik,Jedras,djedras1k@theglobeandmail.com,Male,Kansas,2022-04-03 10:43:02,diamond,Android
58,Shepard,Riddiford,sriddiford1l@hao123.com,Male,Oregon,2022-03-20 04:26:30,diamond,MacOS
59,Debra,Vurley,dvurley1m@cafepress.com,Female,Kentucky,2023-02-01 17:33:13,silver,IOS
60,Roderigo,MacGown,rmacgown1n@biblegateway.com,Male,Texas,2022-10-15 06:17:15,gold,Windows
61,Olympe,Horwell,ohorwell1o@cbslocal.com,Female,Ohio,2023-02-12 07:12:42,free,Android
62,Patrice,Gurry,pgurry1p@google.co.jp,Female,Minnesota,2023-01-31 03:22:46,silver,IOS
63,Gwendolin,Witherbed,gwitherbed1q@is.gd,Female,Minnesota,2023-02-19 04:07:27,free,Web
64,Will,Ingre,wingre1r@google.com.hk,Male,Georgia,2022-11-29 10:32:41,silver,Windows
65,Cletis,Maundrell,cmaundrell1s@home.pl,Male,North Carolina,2022-09-04 05:01:55,free,Windows
66,Chip,MacGaughie,cmacgaughie1t@bloomberg.com,Male,Mississippi,2022-07-08 18:34:11,diamond,Web
67,Kylie,Shimmans,kshimmans1u@ebay.com,Bigender,Texas,2022-03-20 19:33:12,free,Web
68,Caro,Cann,ccann1v@cornell.edu,Female,Ohio,2023-02-10 01:16:58,gold,IOS
69,Nealy,Minucci,nminucci1w@sphinn.com,Male,Washington,2022-10-11 10:14:54,free,Web
70,Harley,Nelson,hnelson1x@ehow.com,Male,Minnesota,2022-10-13 19:19:16,gold,Web
71,Carey,Raeburn,craeburn1y@dagondesign.com,Male,Florida,2022-06-26 22:33:13,gold,Android
72,Loleta,Cossem,lcossem1z@europa.eu,Female,Massachusetts,2023-02-11 13:49:35,free,IOS
73,Nollie,Pugsley,npugsley20@theglobeandmail.com,Female,Indiana,2022-10-18 22:04:04,free,Web
74,Pepita,Boow,pboow21@shop-pro.jp,Female,Missouri,2022-07-29 14:08:24,free,Web
75,Perle,Zisneros,pzisneros22@oracle.com,Female,California,2022-05-12 05:38:34,silver,IOS
76,Fanchon,Allderidge,fallderidge23@google.de,Polygender,Florida,2022-05-11 18:57:40,silver,MacOS
77,Nerta,Asey,nasey24@java.com,Female,Washington,2022-11-18 02:16:35,free,MacOS
78,Hill,Mirralls,hmirralls25@hud.gov,Male,Nebraska,2023-01-09 22:51:52,diamond,Web
79,Teressa,Girardoni,tgirardoni26@whitehouse.gov,Female,Colorado,2023-02-18 18:48:24,gold,Windows
80,Minetta,Mabone,mmabone27@yandex.ru,Female,Texas,2022-10-02 21:59:55,silver,Android
81,Nada,Kernley,nkernley28@de.vu,Female,California,2023-01-21 05:47:55,diamond,Android
82,Cletus,Havik,chavik29@globo.com,Male,Minnesota,2023-01-21 18:31:08,diamond,Windows
83,Christin,Rossbrooke,crossbrooke2a@lycos.com,Female,Texas,2022-03-09 10:10:37,gold,IOS
84,Yelena,Airy,yairy2b@bandcamp.com,Female,Indiana,2022-03-27 19:46:01,diamond,MacOS
85,Reggi,Worsnup,rworsnup2c@telegraph.co.uk,Female,South Carolina,2022-08-13 16:19:05,silver,Android
86,Oliy,Skeen,oskeen2d@constantcontact.com,Female,California,2022-07-21 01:30:10,silver,MacOS
87,Elliot,Gambles,egambles2e@google.com.hk,Male,California,2022-08-26 21:39:08,diamond,Web
88,Forster,Kubista,fkubista2f@dagondesign.com,Male,Washington,2022-09-02 11:22:29,free,Android
89,Kanya,Marchenko,kmarchenko2g@t.co,Female,Texas,2023-02-03 01:46:12,silver,IOS
90,Benoit,Stirgess,bstirgess2h@bandcamp.com,Male,Virginia,2022-11-05 17:54:57,diamond,Windows
91,Leanora,Somers,lsomers2i@nymag.com,Female,Arizona,2022-11-20 22:55:30,free,MacOS
92,Sonya,Quinnell,squinnell2j@spiegel.de,Female,Minnesota,2022-07-11 00:01:53,silver,Windows
93,Genvieve,Seamarke,gseamarke2k@reference.com,Female,California,2023-02-07 14:29:16,free,IOS
94,Stephanus,McRannell,smcrannell2l@nydailynews.com,Genderfluid,Nevada,2023-01-30 14:34:23,silver,IOS
95,Yasmin,Matuska,ymatuska2m@statcounter.com,Female,Virginia,2022-05-10 08:02:12,diamond,Android
96,Pascal,Chatterton,pchatterton2n@home.pl,Male,Kansas,2022-08-13 07:00:44,silver,Android
97,Binnie,Leyden,bleyden2o@cnbc.com,Female,Indiana,2022-11-16 09:58:40,silver,IOS
98,Genevieve,Ruckman,gruckman2p@desdev.cn,Female,Indiana,2022-09-17 00:30:15,free,MacOS
99,Ivy,Grierson,igrierson2q@senate.gov,Female,California,2022-11-03 07:05:37,diamond,Web
100,Marnia,Dufour,mdufour2r@cyberchimps.com,Female,California,2022-09-23 11:53:13,diamond,Windows
